{
  "runs": [
    {
      "ts": "2026-05-10T23:19:04.172929",
      "dataset": "eval/cases.jsonl",
      "by_agent": {
        "JM": 1.1875,
        "CM": 1.05,
        "KB": 1.4166666666666667,
        "SC": 1.1666666666666667,
        "CO": 0.8,
        "AN": 0.75,
        "SO": 0.75,
        "WZ": 0.9,
        "PR": 0.8333333333333334,
        "MT": 0.9,
        "CX": 1.25,
        "EX": 1.2142857142857142
      }
    }
  ]
}